{"name":"bf93c324-ca5b-4381-a18f-81317118db94","id":"/providers/Microsoft.Flow/flows/bf93c324-ca5b-4381-a18f-81317118db94","type":"Microsoft.Flow/flows","properties":{"apiId":"/providers/Microsoft.PowerApps/apis/shared_logicflows","displayName":"[Holiday Requests] Cancelling Request","definition":{"metadata":{"workflowEntityId":null,"processAdvisorMetadata":null,"flowclientsuspensionreason":"None","flowclientsuspensiontime":null,"creator":{"id":"7f0235b1-3b0a-440b-97ac-f6ecdafb571c","type":"User","tenantId":"10645bed-b499-4e94-91a1-86e16cf3be22"},"provisioningMethod":"FromDefinition","failureAlertSubscription":true,"clientLastModifiedTime":"2022-04-11T14:18:04.7442379Z"},"$schema":"https://schema.management.azure.com/providers/Microsoft.Logic/schemas/2016-06-01/workflowdefinition.json#","contentVersion":"1.0.0.0","parameters":{"$connections":{"defaultValue":{},"type":"Object"},"$authentication":{"defaultValue":{},"type":"SecureObject"}},"triggers":{"manual":{"metadata":{"operationMetadataId":"111c5ac8-1970-4b71-9f12-1d7d61260c09"},"type":"Request","kind":"PowerApp","inputs":{"schema":{"type":"object","properties":{"Deleteitem_Id":{"type":"integer","format":"int64","description":"Unique identifier of item to be deleted","x-ms-powerflows-param-ispartial":false},"Getitems_FilterQuery":{"type":"string"},"Condition_ObjectName":{"type":"any","description":"Choose a value","x-ms-powerflows-param-ispartial":false},"Initializevariable_Value":{"type":"integer","description":"Enter initial value","x-ms-powerflows-param-ispartial":false}},"required":["Deleteitem_Id","Getitems_FilterQuery","Condition_ObjectName","Initializevariable_Value"]}}}},"actions":{"Delete_item":{"runAfter":{"Condition":["Succeeded"]},"metadata":{"operationMetadataId":"3a006b72-0e52-4c55-b2b0-3945a853ca43"},"type":"OpenApiConnection","inputs":{"host":{"apiId":"/providers/Microsoft.PowerApps/apis/shared_sharepointonline","connectionName":"shared_sharepointonline","operationId":"DeleteItem"},"parameters":{"dataset":"https://zjfxw.sharepoint.com/sites/Test","table":"298c7ad5-6443-4d63-85ae-789689ef1fab","id":"@triggerBody()['Deleteitem_Id']"},"authentication":{"value":"@json(decodeBase64(triggerOutputs().headers['X-MS-APIM-Tokens']))['$ConnectionKey']","type":"Raw"}}},"Get_Applicant's_data_on_Configuration_List":{"runAfter":{"Initialize_variable":["Succeeded"]},"metadata":{"operationMetadataId":"2cb12792-95f5-4a5f-b7c8-ff48c7046c89"},"type":"OpenApiConnection","inputs":{"host":{"apiId":"/providers/Microsoft.PowerApps/apis/shared_sharepointonline","connectionName":"shared_sharepointonline","operationId":"GetItems"},"parameters":{"dataset":"https://zjfxw.sharepoint.com/sites/Test","table":"8168c001-d1f0-4814-a873-ee644b04d916","$filter":"Title eq '@{triggerBody()['Getitems_FilterQuery']}'"},"authentication":{"value":"@json(decodeBase64(triggerOutputs().headers['X-MS-APIM-Tokens']))['$ConnectionKey']","type":"Raw"}}},"Selecting_Days_and_On_Demands_Days":{"actions":{"SelectConfigurationListDays":{"runAfter":{},"metadata":{"operationMetadataId":"f0534296-f6d1-4357-b475-6109a4a9e836"},"type":"Select","inputs":{"from":"@outputs('Get_Applicant''s_data_on_Configuration_List')?['body/value']","select":"@outputs('Get_Applicant''s_data_on_Configuration_List')?['body/value'][0]['Days']"}},"JoinConfigurationListDays":{"runAfter":{"SelectConfigurationListDays":["Succeeded"]},"metadata":{"operationMetadataId":"186bed2f-ffe8-47ce-95f3-070a121403bd"},"type":"Join","inputs":{"from":"@body('SelectConfigurationListDays')","joinWith":";"}},"SelectConfigurationListOnDemandDays":{"runAfter":{"JoinConfigurationListDays":["Succeeded"]},"metadata":{"operationMetadataId":"1602208d-e64a-4d9f-95c2-2c16c5bd463e"},"type":"Select","inputs":{"from":"@outputs('Get_Applicant''s_data_on_Configuration_List')?['body/value']","select":"@outputs('Get_Applicant''s_data_on_Configuration_List')?['body/value'][0]['OnDemandDays']"}},"JoinConfigurationListOnDemandDays":{"runAfter":{"SelectConfigurationListOnDemandDays":["Succeeded"]},"metadata":{"operationMetadataId":"1232d093-aa43-44ab-8f12-04576b72bf72"},"type":"Join","inputs":{"from":"@body('SelectConfigurationListOnDemandDays')","joinWith":";"}},"SelectConfigurationListID":{"runAfter":{"JoinConfigurationListOnDemandDays":["Succeeded"]},"metadata":{"operationMetadataId":"0ddbfb63-7e29-470b-8816-3e30980ebab6"},"type":"Select","inputs":{"from":"@outputs('Get_Applicant''s_data_on_Configuration_List')?['body/value']","select":"@outputs('Get_Applicant''s_data_on_Configuration_List')?['body/value'][0]?['ID']"}},"JoinConfigurationListID":{"runAfter":{"SelectConfigurationListID":["Succeeded"]},"metadata":{"operationMetadataId":"e6b13350-cc3f-4344-bd10-90f06f92f901"},"type":"Join","inputs":{"from":"@body('SelectConfigurationListID')","joinWith":";"}},"SelectConfigurationListTitle":{"runAfter":{"JoinConfigurationListID":["Succeeded"]},"metadata":{"operationMetadataId":"6dd88c57-6bc7-4922-be56-c8a74f7064b4"},"type":"Select","inputs":{"from":"@outputs('Get_Applicant''s_data_on_Configuration_List')?['body/value']","select":"@outputs('Get_Applicant''s_data_on_Configuration_List')?['body/value'][0]?['Title']"}},"JoinConfigurationListTitle":{"runAfter":{"SelectConfigurationListTitle":["Succeeded"]},"metadata":{"operationMetadataId":"e16369cd-5c93-4902-b255-527e1f2b8ed4"},"type":"Join","inputs":{"from":"@body('SelectConfigurationListTitle')","joinWith":";"}}},"runAfter":{"Get_Applicant's_data_on_Configuration_List":["Succeeded"]},"metadata":{"operationMetadataId":"1e59227a-050d-443c-b122-17a33b539683"},"type":"Scope"},"Condition":{"actions":{"Update_item_2":{"runAfter":{},"metadata":{"operationMetadataId":"f305501d-d7eb-4587-91da-70f0c23b354d"},"type":"OpenApiConnection","inputs":{"host":{"apiId":"/providers/Microsoft.PowerApps/apis/shared_sharepointonline","connectionName":"shared_sharepointonline","operationId":"PatchItem"},"parameters":{"dataset":"https://zjfxw.sharepoint.com/sites/Test","table":"8168c001-d1f0-4814-a873-ee644b04d916","id":"@body('JoinConfigurationListID')","item/Title":"@body('JoinConfigurationListTitle')","item/Days":"@add(int(body('JoinConfigurationListDays')),variables('varDays'))","item/OnDemandDays":"@body('JoinConfigurationListOnDemandDays')"},"authentication":{"value":"@json(decodeBase64(triggerOutputs().headers['X-MS-APIM-Tokens']))['$ConnectionKey']","type":"Raw"}}}},"runAfter":{"Selecting_Days_and_On_Demands_Days":["Succeeded"]},"else":{"actions":{"Update_item_3":{"runAfter":{},"metadata":{"operationMetadataId":"0fd77cdb-8dc5-4492-a839-35251f66c3d6"},"type":"OpenApiConnection","inputs":{"host":{"apiId":"/providers/Microsoft.PowerApps/apis/shared_sharepointonline","connectionName":"shared_sharepointonline","operationId":"PatchItem"},"parameters":{"dataset":"https://zjfxw.sharepoint.com/sites/Test","table":"8168c001-d1f0-4814-a873-ee644b04d916","id":"@body('JoinConfigurationListID')","item/Title":"@body('JoinConfigurationListTitle')","item/Days":"@add(int(body('JoinConfigurationListDays')),variables('varDays'))","item/OnDemandDays":"@add(int(body('JoinConfigurationListOnDemandDays')),variables('varDays'))"},"authentication":{"value":"@json(decodeBase64(triggerOutputs().headers['X-MS-APIM-Tokens']))['$ConnectionKey']","type":"Raw"}}}}},"expression":{"equals":["@triggerBody()['Condition_ObjectName']","Vacation Leave"]},"metadata":{"operationMetadataId":"6373fa0d-72c4-49a0-aa79-62cab6fda567"},"type":"If"},"Initialize_variable":{"runAfter":{},"metadata":{"operationMetadataId":"14960dc2-e61c-47ff-afd4-281290b0587a"},"type":"InitializeVariable","inputs":{"variables":[{"name":"varDays","type":"integer","value":"@triggerBody()['Initializevariable_Value']"}]}}},"outputs":{},"description":"Create one or more actions to happen when a button or link in Power Apps is selected. To use this flow from a Power App, select the control you want to trigger the flow and go to the Action tab in the Power Apps ribbon and select Flows."},"connectionReferences":{"shared_sharepointonline":{"connectionName":"bf6a5f2563a045a8b0a22f43ab38e2f4","source":"Invoker","id":"/providers/Microsoft.PowerApps/apis/shared_sharepointonline","tier":"NotSpecified"}},"flowFailureAlertSubscribed":false,"isManaged":false}}