{"schemaVersion":"1.0","appDefinitionTemplate":{"id":"/providers/Microsoft.PowerApps/apps/","type":"Microsoft.PowerApps/apps","tags":{"primaryDeviceWidth":"1366","primaryDeviceHeight":"768","sienaVersion":"20220423T110945Z-3.22041.27.0","deviceCapabilities":"","supportsPortrait":"true","supportsLandscape":"true","primaryFormFactor":"Tablet","publisherVersion":"3.22041.27","minimumRequiredApiVersion":"2.2.0","hasComponent":"false","hasUnlockedComponent":"false","isUnifiedRootApp":"false"},"properties":{"appVersion":"2022-04-23T11:09:45Z","lifeCycleId":"Published","createdByClientVersion":{"major":3,"minor":22041,"build":27,"revision":0,"majorRevision":0,"minorRevision":0},"minClientVersion":{"major":3,"minor":22041,"build":27,"revision":0,"majorRevision":0,"minorRevision":0},"backgroundColor":"RGBA(0,176,240,1)","backgroundImageUri":"/3483889652286937659/N754ac1bd-108a-4458-93f2-b8f1d3f6cf25-logoSmallFile","displayName":"Wnioski","description":"","commitMessage":"","appUris":{"documentUri":{"value":"/3483889652286937659/N9075bdc9-c3eb-4ca4-ae0b-ab3c864928bb-document.msapp"},"imageUris":[]},"createdTime":"0001-01-01T00:00:00Z","lastModifiedTime":"0001-01-01T00:00:00Z","sharedGroupsCount":0,"sharedUsersCount":0,"icons":{"smallIconUri":"/3483889652286937659/Nd19f5d7a-5458-4da1-8474-246eb6cded36-small.png","mediumIconUri":"/3483889652286937659/N0d2eefad-fb58-463c-be91-f3688ae089ac-medium.png","largeIconUri":"/3483889652286937659/N717eb4fe-87f1-4760-b5dc-6dfc5ad9b8b0-large.png","wideIconUri":"/3483889652286937659/N060542d3-04bd-4764-a509-0a864c6f192c-wide.png"},"connectionReferences":{"fca2963a-5c85-416b-a529-1ece18ff7ae3":{"id":"5de4fbfc-f772-4fb3-9354-a704988e9e64","displayName":"Office 365 Users","iconUri":"https://connectoricons-prod.azureedge.net/releases/v1.0.1563/1.0.1563.2732/office365users/icon.png","dataSources":["Office365Users"],"dependencies":[],"dependents":[],"parameterHints":{},"parameterHintsV2":{},"isOnPremiseConnection":false,"bypassConsent":false,"dataSets":{},"apiTier":"Standard","isCustomApiConnection":false,"actions":["MyProfileV2"]},"aee806ef-6c00-4ee6-92df-2dbe7c7d4db4":{"id":"5dd2a199-b088-4560-9182-a0e7e16dc333","displayName":"SharePoint","iconUri":"https://connectoricons-prod.azureedge.net/releases/v1.0.1563/1.0.1563.2732/sharepointonline/icon.png","dataSources":["Configuration List","HolidayRequests"],"dependencies":[],"dependents":["76060631-ca0b-4711-8a47-a34ed9687d3f"],"parameterHints":{},"parameterHintsV2":{},"isOnPremiseConnection":false,"bypassConsent":false,"dataSets":{"https://zjfxw.sharepoint.com/sites/Test":{"dataSources":{"Configuration List":{"tableName":"8168c001-d1f0-4814-a873-ee644b04d916"}}}},"apiTier":"Standard","isCustomApiConnection":false,"actions":["providers/PowerPlatform.Governance/Operations/Read","providers/PowerPlatform.Governance/Operations/Write"]},"22579c6b-d4dc-4cf8-8f11-9f7deb180c36":{"id":"5dd2a199-b088-4560-9182-a0e7e16dc333","displayName":"SharePoint","iconUri":"https://connectoricons-prod.azureedge.net/releases/v1.0.1563/1.0.1563.2732/sharepointonline/icon.png","dataSources":["HolidayRequests"],"dependencies":[],"dependents":[],"parameterHints":{},"parameterHintsV2":{},"isOnPremiseConnection":false,"bypassConsent":false,"dataSets":{"https://zjfxw.sharepoint.com/sites/Test":{"dataSources":{"HolidayRequests":{"tableName":"298c7ad5-6443-4d63-85ae-789689ef1fab"}}}},"apiTier":"Standard","isCustomApiConnection":false,"actions":["providers/PowerPlatform.Governance/Operations/Read","providers/PowerPlatform.Governance/Operations/Write"]},"76060631-ca0b-4711-8a47-a34ed9687d3f":{"id":"f97ceccc-054b-4b6d-b95a-711a14c4ffe0","displayName":"Logic flows","iconUri":"https://connectoricons-prod.azureedge.net/releases/v1.0.1534/1.0.1534.2605/logicflows/icon.png","dataSources":["[HolidayRequests]CancellingRequest"],"dependencies":["aee806ef-6c00-4ee6-92df-2dbe7c7d4db4"],"dependents":[],"parameterHints":{"workflowName":{"value":"ae94fb13-962f-4cf1-8c39-489965c1bc81"},"workflowEntityId":{},"aee806ef-6c00-4ee6-92df-2dbe7c7d4db4":{"value":"shared_sharepointonline"}},"parameterHintsV2":{"workflowName":{"value":"ae94fb13-962f-4cf1-8c39-489965c1bc81"},"workflowEntityId":{},"shared_sharepointonline":{"value":"aee806ef-6c00-4ee6-92df-2dbe7c7d4db4"}},"isOnPremiseConnection":false,"bypassConsent":false,"dataSets":{},"apiTier":"Standard","isCustomApiConnection":false,"actions":["Run"],"nestedActions":[{"id":"/providers/Microsoft.PowerApps/apis/shared_sharepointonline/apiOperations/DeleteItem","apiName":"SharePoint","actionName":"DeleteItem","referencedResources":[{"key":"site","value":"https://zjfxw.sharepoint.com/sites/Test"},{"key":"list","value":"298c7ad5-6443-4d63-85ae-789689ef1fab"}]},{"id":"/providers/Microsoft.PowerApps/apis/shared_sharepointonline/apiOperations/GetItems","apiName":"SharePoint","actionName":"GetItems","referencedResources":[{"key":"site","value":"https://zjfxw.sharepoint.com/sites/Test"},{"key":"list","value":"8168c001-d1f0-4814-a873-ee644b04d916"}]},{"id":"/providers/Microsoft.PowerApps/apis/shared_sharepointonline/apiOperations/PatchItem","apiName":"SharePoint","actionName":"PatchItem","referencedResources":[{"key":"site","value":"https://zjfxw.sharepoint.com/sites/Test"},{"key":"list","value":"8168c001-d1f0-4814-a873-ee644b04d916"}]}]}},"databaseReferences":{},"almMode":"Environment","performanceOptimizationEnabled":true,"canConsumeAppPass":true,"executionRestrictions":{"isTeamsOnly":false,"dataLossPreventionEvaluationResult":{"status":"Compliant","lastEvaluationDate":"2022-04-23T11:10:04.7327724Z","violations":[],"violationsByPolicy":[],"violationErrorMessage":"The app uses the following connectors: shared_office365users, shared_sharepointonline, shared_logicflows."},"httpActionRestriction":{"appUsesSharepointHttpAction":false,"enforcementStrategy":"Legacy","evaluationTime":"2022-04-23T11:10:04.7327724Z"}}},"appType":"ClassicCanvasApp","appComponents":[]}}